<?xml version="1.0" encoding="UTF-8" standalone="yes"?>
<ExtractVariables async="false" continueOnError="false" enabled="true" name="EV-Id-Token">
    <DisplayName>EV-Id-Token</DisplayName>
    <Properties/>
    <IgnoreUnresolvedVariables>true</IgnoreUnresolvedVariables>
    <JSONPayload>
        <Variable name="id_token">
            <JSONPath>$.id_token</JSONPath>
        </Variable>
    </JSONPayload>
    <Source clearPayload="false">idTokenResponse</Source>
    <VariablePrefix>idTokenPrefix</VariablePrefix>
</ExtractVariables>