<?xml version="1.0" encoding="UTF-8" standalone="yes"?>
<GenerateJWT async="false" continueOnError="false" enabled="true" name="JWT-Generate-RS256">
    <DisplayName>JWT-Generate-RS256</DisplayName>
    <Algorithm>RS256</Algorithm>
    <PrivateKey>
        <Value ref="private.private_key"/>
        <Id ref="private.private_key_id"/>
    </PrivateKey>
    <Subject ref="private.client_email"/>
    <Issuer ref="private.client_email"/>
    <Audience>https://www.googleapis.com/oauth2/v4/token</Audience>
    <ExpiresIn>1h</ExpiresIn>
    <AdditionalClaims>
        <Claim name="target_audience" ref="private.google_oauth_client_id"/>
    </AdditionalClaims>
    <OutputVariable>jwt-variable</OutputVariable>
</GenerateJWT>