<?xml version="1.0" encoding="UTF-8" standalone="yes"?>
<KeyValueMapOperations async="false" continueOnError="false" enabled="true" name="KVM-Get-Creds" mapIdentifier="iam-aware">
    <DisplayName>KVM-Get-Creds</DisplayName>
    <Properties/>
    <ExclusiveCache>false</ExclusiveCache>
    <ExpiryTimeInSecs>300</ExpiryTimeInSecs>
    <Get assignTo="private.google_oauth_client_id" index="1">
        <Key>
            <Parameter>google_oauth_client_id</Parameter>
        </Key>
    </Get>
    <Get assignTo="private.client_email" index="1">
        <Key>
            <Parameter>client_email</Parameter>
        </Key>
    </Get>
    <Get assignTo="private.private_key" index="1">
        <Key>
            <Parameter>private_key</Parameter>
        </Key>
    </Get>
    <Get assignTo="private.private_key_id" index="1">
        <Key>
            <Parameter>private_key_id</Parameter>
        </Key>
    </Get>
    <Scope>environment</Scope>
</KeyValueMapOperations>