<?xml version="1.0" encoding="UTF-8" standalone="yes"?>
<ServiceCallout async="false" continueOnError="false" enabled="true" name="SC-Get-Id-Token">
    <DisplayName>SC-Get-Id-Token</DisplayName>
    <Properties/>
    <Request clearPayload="true" variable="idTokenRequest">
        <IgnoreUnresolvedVariables>false</IgnoreUnresolvedVariables>
        <Set>
            <FormParams>
                <FormParam name="grant_type">urn:ietf:params:oauth:grant-type:jwt-bearer</FormParam>
                <FormParam name="assertion">{jwt-variable}</FormParam>
            </FormParams>
        </Set>
    </Request>
    <Response>idTokenResponse</Response>
    <HTTPTargetConnection>
        <Properties/>
        <URL>https://www.googleapis.com/oauth2/v4/token</URL>
    </HTTPTargetConnection>
</ServiceCallout>