<?xml version="1.0" encoding="UTF-8" standalone="yes"?>
<SharedFlowBundle revision="1" name="iap-aware">
    <ConfigurationVersion majorVersion="4" minorVersion="0"/>
    <CreatedAt>1567116124135</CreatedAt>
    <CreatedBy>ssvaidyanathan@google.com</CreatedBy>
    <Description>undefined</Description>
    <DisplayName>iap-aware</DisplayName>
    <LastModifiedAt>1567116263585</LastModifiedAt>
    <LastModifiedBy>ssvaidyanathan@google.com</LastModifiedBy>
    <ManifestVersion>SHA-512:686813916412e86071bde6f921af4cc8a03653a9337f5cc3793c18dba5c39236c56123e35fbc007639f45d5675d8880c4630974c285f41a104ccb849a5cf0420</ManifestVersion>
    <Policies>
        <Policy>EV-Id-Token</Policy>
        <Policy>JWT-Generate-RS256</Policy>
        <Policy>KVM-Get-Creds</Policy>
        <Policy>SC-Get-Id-Token</Policy>
    </Policies>
    <Resources/>
    <Spec></Spec>
    <subType>SharedFlow</subType>
    <SharedFlows>
        <SharedFlow>default</SharedFlow>
    </SharedFlows>
</SharedFlowBundle>
