<?xml version="1.0" encoding="UTF-8" standalone="yes"?>
<Manifest name="manifest">
    <Policies>
        <VersionInfo resourceName="EV-Id-Token" version="SHA-512:2d63f3bc1a7c5a57ee3f36c32195c57de9a55a60ae9079cdf26bdab8d6f590a811c69bb1bcf5ccc6c2dbf362811b52c907bd50dc6c06f837613f24e475d80168"/>
        <VersionInfo resourceName="JWT-Generate-RS256" version="SHA-512:9ff36dad76be2edb60f89af819bbd4b543040a7e875d007b34573dfae9e4a93f41a5d3f67f3fbff362dcf97634e9589d68e736e9c1fa675af3f797e44343c6e4"/>
        <VersionInfo resourceName="KVM-Get-Creds" version="SHA-512:825e0dff580129459241199b192fd75554be5033e2bee539dc23c23ca99d9a15fef60ee372fc0a62e4d9b3e94beea9cdebbbc7d939e1b741bffd793165282af3"/>
        <VersionInfo resourceName="SC-Get-Id-Token" version="SHA-512:f080a15d6a6fa2d2038b1d8167deb0cff2924e8afa83e765d07488e0ae2f6e307e02b4a8cab1e9730079590a2466d89fb3e1a136179c17231b79aff563936fc4"/>
    </Policies>
    <ProxyEndpoints/>
    <Resources/>
    <SharedFlows>
        <VersionInfo resourceName="default" version="SHA-512:863e47cbc158b91c1c7b1621e7a6ddc610a7c17a0b8f7ba3a088f5adc738e9a0fe363f491091da3da3090586fe7e4bbee18022fa91d759d32fc07ae102baaceb"/>
    </SharedFlows>
    <TargetEndpoints/>
</Manifest>
